epoch,time,train/box_loss,train/seg_loss,train/cls_loss,train/dfl_loss,train/sem_loss,metrics/precision(B),metrics/recall(B),metrics/mAP50(B),metrics/mAP50-95(B),metrics/precision(M),metrics/recall(M),metrics/mAP50(M),metrics/mAP50-95(M),val/box_loss,val/seg_loss,val/cls_loss,val/dfl_loss,val/sem_loss,lr/pg0,lr/pg1,lr/pg2
1,132.08,0.66181,1.72235,2.63919,1.14627,0,0.00365,0.57089,0.05553,0.03404,3e-05,0.00612,1e-05,0,1.28699,48.6802,3.78274,1.92409,0,0.000323529,0.000323529,0.0679706
2,272.576,0.68287,1.43973,2.00868,1.14211,0,0.66101,0.2358,0.32981,0.25498,0.7317,0.17387,0.30091,0.21301,0.83684,4.29011,2.97161,1.33248,0,0.00065036,0.00065036,0.0349641
3,403.472,0.74726,1.53974,1.62606,1.18908,0,0.61627,0.29478,0.39265,0.29944,0.59379,0.27094,0.36338,0.2378,0.95006,4.02852,2.5383,1.60504,0,0.00097059,0.00097059,0.00195098
4,534.723,0.72238,1.52032,1.47735,1.1632,0,0.52121,0.48399,0.47756,0.33326,0.47622,0.4323,0.40672,0.26748,0.96334,3.93788,2.35615,1.52879,0,0.0009703,0.0009703,0.0009703
5,679.518,0.69518,1.39775,1.34299,1.16223,0,0.79772,0.42882,0.54731,0.37825,0.8104,0.42814,0.53918,0.34921,1.11818,2.84463,2.33368,1.74625,0,0.0009604,0.0009604,0.0009604
6,817.072,0.72337,1.46779,1.32261,1.14843,0,0.64542,0.44076,0.50786,0.37679,0.64042,0.41751,0.49142,0.34975,0.88459,2.13823,2.26819,1.41764,0,0.0009505,0.0009505,0.0009505
7,949.227,0.70569,1.46222,1.29242,1.17937,0,0.62802,0.60108,0.62623,0.4245,0.54569,0.67368,0.60992,0.41538,0.92308,2.50079,2.04784,1.48681,0,0.0009406,0.0009406,0.0009406
8,1082.02,0.6441,1.32344,1.15536,1.11985,0,0.65064,0.66649,0.6649,0.43529,0.63026,0.64439,0.6365,0.41693,1.02355,2.11626,1.69694,1.53957,0,0.0009307,0.0009307,0.0009307
9,2475.15,0.68333,1.41841,1.0824,1.1354,0,0.74367,0.63519,0.75218,0.59325,0.74415,0.63495,0.74144,0.57662,0.84259,1.77667,1.46185,1.37677,0,0.0009208,0.0009208,0.0009208
10,2607.13,0.67583,1.35471,1.09011,1.13006,0,0.80555,0.69916,0.73169,0.57031,0.80117,0.68951,0.71449,0.51903,0.95346,2.04933,1.4862,1.38304,0,0.0009109,0.0009109,0.0009109
11,2721.84,0.61865,1.29105,1.00761,1.10739,0,0.76399,0.6277,0.7051,0.5571,0.76621,0.62741,0.69424,0.51951,0.83465,1.97665,1.41205,1.34632,0,0.000901,0.000901,0.000901
12,2835.13,0.621,1.32036,0.9771,1.11386,0,0.68517,0.55951,0.61074,0.42829,0.67895,0.52543,0.58938,0.40388,0.92032,2.09172,1.90652,1.36084,0,0.0008911,0.0008911,0.0008911
13,2943.31,0.66429,1.38748,1.00624,1.10973,0,0.82015,0.69637,0.78388,0.61899,0.81256,0.68889,0.76553,0.59035,0.76683,1.82124,1.2111,1.28665,0,0.0008812,0.0008812,0.0008812
14,3070.33,0.64082,1.31978,0.99399,1.10913,0,0.64077,0.58771,0.57975,0.44737,0.62638,0.56532,0.56192,0.40511,0.87362,2.20216,2.22416,1.34278,0,0.0008713,0.0008713,0.0008713
15,3184.37,0.61851,1.27378,0.92985,1.09651,0,0.68289,0.68738,0.76229,0.6072,0.68131,0.68657,0.75007,0.54826,0.77498,2.00921,1.32368,1.26996,0,0.0008614,0.0008614,0.0008614
16,3320.66,0.64879,1.33433,0.94482,1.09062,0,0.72505,0.73102,0.77942,0.63359,0.71355,0.72055,0.76292,0.57581,0.73105,1.82326,1.14131,1.21095,0,0.0008515,0.0008515,0.0008515
17,3450.3,0.60324,1.24928,0.91204,1.08544,0,0.7937,0.73253,0.81319,0.62927,0.78229,0.72233,0.79529,0.58076,0.78238,1.95412,1.08091,1.25614,0,0.0008416,0.0008416,0.0008416
18,3539.28,0.59442,1.25008,0.88699,1.07621,0,0.73364,0.70599,0.74777,0.58624,0.72659,0.69909,0.73558,0.57641,0.80238,1.71717,1.20198,1.32703,0,0.0008317,0.0008317,0.0008317
19,3636.16,0.58432,1.21082,0.8363,1.08179,0,0.74283,0.72918,0.77334,0.61642,0.74881,0.72669,0.76593,0.6035,0.73843,1.67941,1.1996,1.30492,0,0.0008218,0.0008218,0.0008218
20,3732.9,0.59018,1.24439,0.82013,1.07995,0,0.82313,0.67174,0.69331,0.57924,0.82382,0.66597,0.68938,0.55527,0.68367,1.89625,1.49368,1.1953,0,0.0008119,0.0008119,0.0008119
21,3826.57,0.58292,1.17248,0.83179,1.09701,0,0.83598,0.68855,0.74049,0.62452,0.83303,0.68447,0.73063,0.60805,0.74308,1.62073,1.24621,1.24074,0,0.000802,0.000802,0.000802
22,3938.6,0.59045,1.19174,0.81857,1.0951,0,0.77402,0.73832,0.80112,0.65094,0.78179,0.70768,0.78325,0.61409,0.71804,1.67328,1.04382,1.21143,0,0.0007921,0.0007921,0.0007921
23,4028.75,0.54528,1.12629,0.78825,1.08199,0,0.77843,0.57942,0.69691,0.57836,0.66802,0.64969,0.69847,0.55362,0.73156,1.71327,1.35249,1.23018,0,0.0007822,0.0007822,0.0007822
24,4126.52,0.59778,1.24346,0.86084,1.08491,0,0.8577,0.70345,0.80077,0.64305,0.83833,0.70319,0.79632,0.62864,0.73783,1.747,1.03675,1.25367,0,0.0007723,0.0007723,0.0007723
25,4216.41,0.55421,1.13209,0.75776,1.05822,0,0.85244,0.70658,0.76378,0.6342,0.84994,0.70454,0.75788,0.61322,0.71646,1.69512,1.10897,1.23399,0,0.0007624,0.0007624,0.0007624
26,4308.33,0.5604,1.14608,0.81884,1.06301,0,0.77652,0.70249,0.77544,0.6405,0.77417,0.70631,0.76646,0.62144,0.71465,1.52515,1.25012,1.1994,0,0.0007525,0.0007525,0.0007525
27,4403.99,0.56317,1.16307,0.78394,1.05262,0,0.78843,0.7787,0.80083,0.659,0.79243,0.74756,0.78154,0.62565,0.69366,1.6123,1.03442,1.19202,0,0.0007426,0.0007426,0.0007426
28,4495.5,0.53981,1.13572,0.76142,1.04401,0,0.80723,0.72145,0.81073,0.67908,0.80492,0.71464,0.79972,0.64211,0.69018,1.60112,1.0017,1.18922,0,0.0007327,0.0007327,0.0007327
29,4592.48,0.55263,1.11501,0.71086,1.0474,0,0.7879,0.65641,0.76744,0.60602,0.78512,0.64582,0.75289,0.57389,0.7613,1.80127,1.20689,1.28338,0,0.0007228,0.0007228,0.0007228
30,4706.74,0.54316,1.08596,0.75279,1.04469,0,0.80041,0.71948,0.78118,0.65146,0.79779,0.7201,0.77607,0.62061,0.7408,1.63857,1.02173,1.24923,0,0.0007129,0.0007129,0.0007129
31,4829.81,0.54442,1.10766,0.69401,1.04555,0,0.75453,0.75843,0.81483,0.67488,0.72628,0.78605,0.79529,0.63207,0.67477,1.57573,0.96691,1.16456,0,0.000703,0.000703,0.000703
32,4946.16,0.53203,1.0535,0.66349,1.04759,0,0.8683,0.72265,0.84489,0.69875,0.8664,0.7102,0.83579,0.65455,0.64993,1.50022,0.85627,1.14374,0,0.0006931,0.0006931,0.0006931
33,5068.61,0.54069,1.08866,0.67994,1.04492,0,0.76577,0.7011,0.7762,0.63959,0.7754,0.69459,0.77701,0.60494,0.68888,1.57185,1.17206,1.19254,0,0.0006832,0.0006832,0.0006832
34,5174.47,0.52862,1.09975,0.66442,1.04493,0,0.85246,0.73314,0.80949,0.66517,0.88126,0.72374,0.80524,0.63817,0.70571,1.54582,0.9494,1.20044,0,0.0006733,0.0006733,0.0006733
35,5276.47,0.54136,1.12086,0.65291,1.03815,0,0.78237,0.73527,0.77824,0.6333,0.79575,0.74676,0.78396,0.61708,0.71797,1.5264,0.97649,1.23975,0,0.0006634,0.0006634,0.0006634
36,5391.45,0.5368,1.09415,0.66266,1.03863,0,0.82363,0.72184,0.79848,0.6497,0.83575,0.7307,0.8152,0.63467,0.70539,1.46844,0.98871,1.1902,0,0.0006535,0.0006535,0.0006535
37,5492.15,0.5079,1.00413,0.63927,1.05071,0,0.81136,0.76533,0.84277,0.69871,0.8038,0.75506,0.83466,0.6709,0.68415,1.54242,0.89077,1.18094,0,0.0006436,0.0006436,0.0006436
38,5606.71,0.51655,1.06465,0.67609,1.04054,0,0.77659,0.78273,0.83009,0.67479,0.79492,0.76899,0.81358,0.61421,0.69351,1.62027,0.95111,1.19184,0,0.0006337,0.0006337,0.0006337
39,5712.76,0.54992,1.14497,0.66896,1.05451,0,0.83072,0.74889,0.85039,0.68858,0.83477,0.75307,0.83426,0.6519,0.68404,1.52623,0.84824,1.18138,0,0.0006238,0.0006238,0.0006238
40,5818.08,0.51692,1.05982,0.61504,1.06262,0,0.82574,0.68291,0.78976,0.6612,0.82018,0.67987,0.78131,0.64121,0.66853,1.45399,0.9324,1.15829,0,0.0006139,0.0006139,0.0006139
41,5925.6,0.50417,1.0791,0.61265,1.02275,0,0.82688,0.67677,0.76662,0.63762,0.85538,0.67176,0.77933,0.63398,0.71545,1.4933,1.0492,1.19621,0,0.000604,0.000604,0.000604
42,6031.25,0.52104,1.0792,0.6205,1.03648,0,0.81826,0.76355,0.8423,0.69733,0.82142,0.7645,0.84052,0.66691,0.65255,1.60456,0.82322,1.17258,0,0.0005941,0.0005941,0.0005941
43,6131.46,0.47918,1.00705,0.62678,1.02732,0,0.8561,0.78543,0.85922,0.71361,0.83825,0.79191,0.85062,0.68511,0.64449,1.52135,0.76348,1.16969,0,0.0005842,0.0005842,0.0005842
44,6249.01,0.48425,0.99584,0.60973,1.02607,0,0.82541,0.78321,0.85995,0.69125,0.82116,0.78077,0.85209,0.65108,0.6596,1.61965,0.8339,1.17189,0,0.0005743,0.0005743,0.0005743
45,6382.13,0.49286,0.99712,0.60697,1.03189,0,0.81711,0.75739,0.82822,0.68727,0.81057,0.74916,0.82076,0.65498,0.67424,1.60508,0.97414,1.16648,0,0.0005644,0.0005644,0.0005644
46,6489.62,0.49055,1.00639,0.57874,1.01312,0,0.79987,0.75521,0.81131,0.68962,0.77315,0.74445,0.79281,0.65594,0.65954,1.59503,0.88208,1.15266,0,0.0005545,0.0005545,0.0005545
47,6608.9,0.51513,1.02238,0.63303,1.02884,0,0.82208,0.77766,0.81791,0.68123,0.83084,0.75343,0.80696,0.65614,0.65652,1.50629,0.86242,1.13618,0,0.0005446,0.0005446,0.0005446
48,6743.85,0.46278,0.9437,0.5702,1.00972,0,0.79167,0.81945,0.85718,0.70468,0.77676,0.8145,0.84325,0.66952,0.65407,1.39643,0.92341,1.12744,0,0.0005347,0.0005347,0.0005347
49,6891.03,0.51955,1.06589,0.59031,1.02757,0,0.77672,0.83744,0.85277,0.70513,0.76786,0.8264,0.84103,0.65949,0.6391,1.61309,0.78792,1.14517,0,0.0005248,0.0005248,0.0005248
50,7016.62,0.51966,1.08372,0.60669,1.03324,0,0.77604,0.72522,0.7828,0.65463,0.8376,0.67477,0.78026,0.61252,0.69748,1.60037,0.95657,1.19615,0,0.0005149,0.0005149,0.0005149
51,7141.48,0.47812,0.95733,0.52338,1.02446,0,0.77879,0.72211,0.7694,0.65904,0.78097,0.68986,0.75819,0.621,0.66346,1.63318,0.91033,1.17196,0,0.000505,0.000505,0.000505
52,7267.33,0.49477,1.02861,0.55966,1.02689,0,0.78622,0.73799,0.79488,0.67275,0.79863,0.73047,0.79209,0.65144,0.65914,1.51563,0.87119,1.15736,0,0.0004951,0.0004951,0.0004951
53,7389.32,0.49238,1.01179,0.54971,1.00764,0,0.83958,0.7491,0.83179,0.69921,0.82886,0.74087,0.81457,0.65435,0.65576,1.58898,0.83453,1.17208,0,0.0004852,0.0004852,0.0004852
54,7521.78,0.4631,0.92431,0.52008,0.99877,0,0.88136,0.80282,0.8523,0.72344,0.86695,0.79058,0.83782,0.67107,0.64738,1.48739,0.70834,1.14903,0,0.0004753,0.0004753,0.0004753
55,7651.58,0.48347,0.96037,0.52349,1.0071,0,0.90502,0.70934,0.81935,0.70844,0.89946,0.7044,0.80809,0.66449,0.61274,1.45385,0.85516,1.107,0,0.0004654,0.0004654,0.0004654
56,8827.46,0.45891,0.94598,0.51069,1.01267,0,0.81663,0.72404,0.79118,0.68258,0.8026,0.72225,0.77929,0.65208,0.61301,1.50827,0.84148,1.12018,0,0.0004555,0.0004555,0.0004555
57,8943.08,0.4951,0.97646,0.53452,1.01599,0,0.86611,0.71901,0.83184,0.69614,0.85955,0.71017,0.81938,0.66392,0.64997,1.49641,0.82787,1.1496,0,0.0004456,0.0004456,0.0004456
58,9083.54,0.50295,1.00992,0.53101,1.01307,0,0.81297,0.81656,0.83753,0.70468,0.80834,0.80382,0.82748,0.6717,0.64866,1.51174,0.75283,1.12739,0,0.0004357,0.0004357,0.0004357
59,9218.2,0.4703,0.91625,0.49098,1.00698,0,0.80576,0.79007,0.85075,0.71395,0.8021,0.78744,0.84357,0.68371,0.6337,1.49871,0.788,1.12435,0,0.0004258,0.0004258,0.0004258
60,9361.35,0.48556,0.95058,0.49849,1.01609,0,0.80501,0.70135,0.77873,0.67694,0.79309,0.69319,0.77395,0.63988,0.62646,1.54441,0.86816,1.13853,0,0.0004159,0.0004159,0.0004159
61,9493.34,0.47184,0.95634,0.50938,1.01639,0,0.78276,0.7816,0.80806,0.69025,0.76966,0.76729,0.78921,0.65944,0.64219,1.46994,0.81025,1.14296,0,0.000406,0.000406,0.000406
62,9630.22,0.45808,0.97578,0.51132,0.99646,0,0.85561,0.75474,0.83893,0.71276,0.84943,0.75305,0.82606,0.67462,0.63695,1.66755,0.75522,1.14489,0,0.0003961,0.0003961,0.0003961
63,9758.1,0.45159,0.93128,0.49992,1.01193,0,0.86865,0.7408,0.81091,0.691,0.86221,0.73659,0.80374,0.66054,0.64884,1.69049,0.80673,1.14563,0,0.0003862,0.0003862,0.0003862
